entity_id,Mobile_number,Dependant_s_,Street_Address,Street_Address_Line_2,City,Postal_Code,Province,Country,Name,Email,Relationship_with_Employee
235,079 6817 3551,no,87 The Drive,Wallington,London,SM6 9ND,,1226,Hannah Lane,Hannah.A.Lane@pookmail.com,Grandchild
239,070 8891 9127,no,35 Baron Grove,Mitcham,London,CR4 4EH,,1226,Liam Carnegie,Liam.Y.Carnegie@spambob.com,Parent
240,078 8913 5710,no,8 Sandy lane south,Wallington,London,SM6 9QU,,1226,Tim Buttivant,Tim@trashymail.com,Spouse
241,079 8157 0068,yes,40 Furze lane,Purley,London,CR8 3EG,,1226,Emma Campbell,Emma.Campbell@spambob.com,Parent
242,079 3081 3538,yes,7 Burlington Road,New Malden,London,KT3 4LP,,1226,Amber Pearce,Amber.H.Pearce@pookmail.com,Partner
243,078 0013 7257,no,9 Hadlow Road,Sidcup,London,DA14 4AA,,1226,Bethany Begbie,Bethany.C.Begbie@spambob.com,Parent
244,078 2421 7182,no,66 Delafield Road,,London,SE7 7NP,,1226,Finlay Parker,Finlay@spambob.com,Spouse
245,070 3788 1846,no,62 Thorpewood Avenue,Forest Hill,London,SE26 4BY,,1226,Amber Kouppas,Amber.A.K@mailinator.com,Spouse
246,078 1735 3428,no,12 Sandilands,Croydon,London,CR0 5DF,,1226,Rahul Ragulan,Rahul@spambob.com,Parent
247,077 2708 9030,yes,18 Chestnut grove,Penge,London,SE20 8PQ,,1226,Joan Honeyman,Joan@dodgeit.com,Spouse
248,079 8652 9257,no,92 Camden Mews,,London,NW1 9AG,,1226,Ava Robertson,Ava.W.Robertson@mailinator.com,Sibling
249,078 3658 0476,no,19 Marlowe close,Chislehurst,London,BR7 6ND,,1226,Bill Jackson,Bill@trashymail.com,Partner
250,079 2210 4525,yes,129 Federation Road,,London,SE2 0YW,,1226,Poppy Evans,Poppy@spambob.com,Spouse
251,070 2483 9740,no,18 Leopold Avenue,Wimbledon,London,SW19 7ET,,1226,Luke Dalton,Luke@mailinator.com,Grandparent
252,077 0836 3766,no,78 Saltoun Road,Brixton,London,SW2 1ER,,1226,Phoebe Smith,Phoebe.Smith@spambob.com,Parent
253,077 3949 7220,yes,18 Farm Road,Morden,London,SM4 6RB,,1226,Scott Buckley,Scott.A.Buckley@mailinator.com,Spouse
254,077 6366 8397,no,23 Halstow Road,,London,SE10 0LD,,1226,Leo Avins,Leo@spambob.com,Grandparent
255,070 4661 9586,no,96 Manor Green Road,Epsom,London,KT19 8LN,,1226,Demi Bylette,Demi.Bylette@mailinator.com,Parent
256,079 6777 3706,no,26 Albemarle road,Beckenham,London,BR3 5HJ,,1226,Robert Best,Robert@mailinator.com,Parent
257,078 6176 4020,no,63 Tennyson road,Stratford,London,E15 4DJ,,1226,Isabella Walters,Isabella@dodgeit.com,Parent
258,077 6550 9806,no,85 Edward Road,Penge,London,SE20 7JS,,1226,Yasmin Waking,Yasmin.Waking@mailinator.com,Spouse
259,070 8042 5179,no,29 Lime Tree Grove,Croydon,London,CR0 8AZ,,1226,Eva Rose,Eva@trashymail.com,Partner
260,077 6235 2535,no,49 King Alfred Avenue,,London,SE6 3HP,,1226,Erin King,Erin.King@trashymail.com,Parent
261,079 7549 7971,no,21 Cromford way,New Malden,London,KT3 3BB,,1226,Tyler Willis,Tyler.Willis23@pookmail.com,Parent
262,079 6932 5910,no,71 Caverleigh way,Worcester Park,London,KT4 8DH,,1226,Tegan May,Tegan.A.May@pookmail.com,Grandparent
263,077 6745 6136,yes,16A Mandalay Road,Clapham,London,SW4 9EE,,1226,Gracie Bailey,Gracie.J.Bailey@trashymail.com,Spouse
264,079 0036 6444,no,13 Birchlands Avenue,,London,SW12 8ND,,1226,Mia Campbell,Mia.B.Campbell@trashymail.com,Grandparent
265,078 0785 5095,no,62 Bedford Road,Ilford,London,IG1 1EL,,1226,Noah Higgins,Noah.F.Higgins@spambob.com,Other
266,079 7309 4693,no,17 Woodlands Avenue,,London,E11 3RA,,1226,Anthony Tucker,Anthony.C.Tucker@spambob.com,Grandparent
267,070 1678 3811,no,57 Wavendon Avenue,Chiswick,London,W4 4NT,,1226,Leo Newton,Leo.L.Newton@spambob.com,Partner
268,077 5664 3976,no,69 Ripplevale Grove,,London,N1 1HS,,1226,Corey Brown,Corey.Brown@mailinator.com,Grandparent
269,077 5062 9842,yes,12 Dacres Road,Forest Hill,London,SE23 2NW,,1226,Skye Cooke,Skye.O.Cooke@trashymail.com,Spouse
270,078 5817 5934,no,56 Buckingham way,Wallington,London,SM6 9LT,,1226,Isabel Lawson,Isabel.T.Lawson@spambob.com,Parent
271,077 7935 0028,no,50 Cranston Road,Forest Hill,London,SE23 2HB,,1226,Jade Jenkins,Jade.S.Jenkins@spambob.com,Spouse
272,079 2485 1558,no,77 Boleyn Road,,London,E7 9QF,,1226,Leo Collier,Leo.Collier@spambob.com,Spouse
273,077 6246 0189,no,12 Marion Rd,Thornton Heath,London,CR7 7AL,,1226,Alexandra Hope,Alexandra.K.Hope@trashymail.com,Other
274,078 6669 1159,no,15 Benfleet Way,,London,N11 1LN,,1226,Isabelle Gray,Isabelle@dodgeit.com,Parent
275,078 7164 3806,no,13 Grosvenor Road,Chiswick,London,W4 4EQ,,1226,Peter Green,Peter.N.Green@mailinator.com,Other
276,070 6496 5516,yes,7 Canadian Avenue,,London,SE6 3AU,,1226,Kai Cook,Kai.B.Cook@trashymail.com,Spouse
277,079 2481 5802,yes,49 Woodcote valley road,Purley,London,CR8 3AN,,1226,Mia Osborne,Mia.L.Osborne@spambob.com,Partner
278,078 8803 1374,no,41 Ashridge Way,Morden,London,SM4 4ED,,1226,Riley Cole,Riley.E.Cole@spambob.com,Parent
279,077 5736 7336,no,98 Kenley Road,,London,SW19 3DS,,1226,Leo Bolton,Leo.C.Bolton@trashymail.com,Other
280,070 3467 3546,no,19 Oak Way,Croydon,London,CR0 7ST,,1226,Jordan Matthews,Jordan.N.Matthews@trashymail.com,Grandparent
281,078 5094 9932,no,7 Windsor Road,Bexleyheath,London,DA6 8JH,,1226,Eloise Dixon,Eloise.R.Dixon@spambob.com,Parent
282,077 1631 7510,yes,1 South Terrace,Shelbourne Road,London,N17 9YG,,1226,Joel Gould,Joel.J.Gould@dodgeit.com,Spouse
283,077 3605 9691,no,47 Lewis Road,Sidcup,London,DA14 4NB,,1226,Louise Howard,Louise.B.Howard@mailinator.com,Other
284,070 3221 0109,no,39 Chatfield Road,Croydon,London,CR0 3LA,,1226,Laura Watts,Laura.L.Watts@mailinator.com,Other
285,079 6776 8405,yes,14 Wooderson Close,,London,SE25 6PJ,,1226,Chandler Barnes,Chandler@dodgeit.com,Spouse
286,078 0312 0715,no,117 Bensham Manor Road,Thornton Heath,London,CR7 7AG,,1226,Anna Rhodes,Anna.B.Rhodes@mailinator.com,Partner
287,077 5623 7217,no,44 Cotton Hill,Bromley,London,BR1 5RP,,1226,Sophie Cox,Sophie.Cox@mailinator.com,Parent
288,070 0171 5320,yes,52 Fairdene Road,Coulsdon,London,CR5 1RE,,1226,John Hendle,John.Hendle@spambob.com,Spouse
289,078 6251 5714,no,11 Kingsmead Close,Sidcup,London,DA15 7LA,,1226,Kai Warner,Kai.E.Warner@dodgeit.com,Partner
290,077 8007 1910,no,102 St James' Road,Mitcham,London,CR4 2DB,,1226,Madeleine Pearcy,Madeleine.J.Pearcy@spambob.com,Parent
291,077 2177 9314,no,10 Maberley Road,Beckenham,London,BR3 4DX,,1226,Alexander Whittaker,Alexander.L.Whittaker@mailinator.com,Other
292,079 6075 2983,no,61 Park Hill Rd,Croydon,London,CR0 5NG,,1226,Harrison Hill,Harrison.S.Hill@mailinator.com,Parent
293,079 5512 0651,no,13 Hatley Avenue,Ilford,London,IG6 1EH,,1226,William Finch,William.S.Finch@trashymail.com,Parent
294,070 4229 1297,no,19 Elliott Road,Thorton Heath,London,CR7 7QA,,1226,Leo Daniels,Leo.D.Daniels@mailinator.com,Partner
295,078 3920 6315,no,25 Horsa Road,Lee,London,SE12 9EA,,1226,Lydia Henry,Lydia@spambob.com,Parent
296,078 4009 5987,no,11 Barnsbury Park,,London,N1 1HQ,,1226,Hollie Slight,Hollie.J.Slight@trashymail.com,Spouse
297,078 7260 4965,no,12 College Cross,,London,N1 1PR,,1226,Molly George,Molly.S.George@spambob.com,Other
298,078 7858 0019,yes,50 Brodrick Road,,London,SW17 7DY,,1226,Kiera Preston,Kiera.J.Preston@dodgeit.com,Other
299,077 1752 0904,no,56 Quernmore Close,Bromley,London,BR1 4EL,,1226,Ellis George,Ellis.L.George@dodgeit.com,Partner
300,070 2339 1210,no,29 Morton Road,,London,N1 3BB,,1226,Lucas Rivers,Lucas@spambob.com,Grandparent
301,077 7532 5873,no,17 Rodenhurst Road,,London,SW4 8AE,,1226,Holly Mallet,Holly.C.Mallet@spambob.com,Spouse
302,077 6198 7884,no,79 Hilldale Road,Sutton,London,SM1 2JA,,1226,Mollie George,Mollie.E.George@pookmail.com,Other
303,079 7098 2097,no,67 Elgin Road,Croydon,London,CR0 6XD,,1226,Reece Greenway,Reece@mailinator.com,Grandparent
304,077 7358 8150,yes,15 Upton Road,Bexleyheath,London,DA6 8LQ,,1226,Corey Cunningham,Corey.F.Cunningham@spambob.com,Spouse
305,077 1902 2038,no,3 Groveland Avenue,,London,SW16 3BD,,1226,Corey Knox,Corey.Knox@spambob.com,Parent
306,077 0696 5941,no,23 Ambrey Way,Wallington,London,SM6 9NE,2592,1226,Leon Rightmyer,Leon.K.Rightmyer@dodgeit.com,Parent
307,078 7637 0915,no,41 Birchwood Avenue,Sidcup,London,DA14 4JZ,,1226,Zak Fox,Zak.D.Fox@pookmail.com,Spouse
308,079 1420 8626,no,15 The readens,Banstead,London,SM7 3JT,,1226,Madeleine Parsons,Madeleine.T.Parsons@mailinator.com,Other
309,078 2434 4609,no,26 Melrose Road,Coulsdon,London,CR5 3JH,,1226,Isabella Everingham,Isabella.Everingham@spambob.com,Parent
310,070 1847 4506,no,23 Cloudeseley Close,Sidcup,London,DA14 6TF,,1226,Ava Gallagher,Ava.N.Gallagher@mailinator.com,Other
311,078 3079 6526,yes,98 Park Rd,Chiswick,London,W4 3HL,,1226,James Daniels,James.M.Daniels@mailinator.com,Other
312,078 4951 6723,yes,50 A Halliford Street,,London,N1 3EJ,,1226,Zoe Hope,Zoe.G.Hope@mailinator.com,Partner
313,070 7581 3160,no,29 Cambridge Road,New Malden,London,KT3 3QG,,1226,Anna Jansen,anna@pookmail.com,Spouse
314,079 7429 9877,no,117 Victoria Way,,London,SE7 7NX,,1226,Liam Hooper,Liam.I.Hooper@mailinator.com,Spouse
315,079 3825 3324,no,34 Alexandra Gardens,Chiswick,London,W4 2RY,,1226,Louise Sheridan,Louise.P.Sheridan@dodgeit.com,Spouse
316,078 6978 9256,no,12 Hollymead,Carshalton,London,SM5 2NT,,1226,Joel Lawton,Joel.L.Lawton@pookmail.com,Parent
317,077 4416 8151,yes,51 Campbell Avenue,Ilford,London,IG6 1EB,,1226,Freddie Noble,Freddie.R.Noble@spambob.com,Spouse
318,077 2144 3581,no,30 Raeburn Street,Brixton,London,SW2 5QU,,1226,Kian Knight,Kian.A.Knight@pookmail.com,Partner
319,070 5810 0080,no,25 Sandtoft Rd,,London,SE7 7LR,,1226,Henry Williamson,Henry.K.Williamson@pookmail.com,Other
320,079 0472 9807,yes,32 W Park Avenue,Richmond,London,TW9 4AL,,1226,Owen Swift,Owen.S.Swift@spambob.com,Other
321,079 7470 7414,no,52 Argyle Rd,Ilford,London,IG1 3BG,,1226,Anna Lee,Anna.A.Lee@trashymail.com,Grandparent
322,078 3305 4780,no,1 Blandfield Road,,London,SW12 8BQ,,1226,Leon Garner,Leon.Garner@dodgeit.com,Spouse
323,079 6369 9411,yes,5 Becks Road,Sidcup,London,DA14 4DN,,1226,Alan Llyod,Alan Llyod@trashymail.com,Spouse
324,078 7460 2008,no,44 Shandon Road,Clapham,London,SW4 9HR,,1226,Jack Savage,Jack.L.Savage@pookmail.com,Other
325,077 0095 4980,no,29 Roseneath Road,,London,SW11 6AG,,1226,Lily White,Lily.O.White@mailinator.com,Spouse
326,078 7154 4823,no,64 Foresters drive,wallington,London,SM6 9JY,,1226,David Best,david@mailinator.com,Spouse
327,070 5449 6686,no,75 Gavestone Road,Lee,London,SE12 9BW,,1226,Emily Dowman,Emily.Dowman@spambob.com,Grandparent
328,078 7939 1085,no,136 Charlton Lane,,London,SE7 8AB,,1226,Benjamin Armitage,Benjamin.Armitage@dodgeit.com,Parent
329,070 1310 1022,no,25 Stamford Road,,London,N1 4JP,,1226,Victoria Blake,Victoria.E.Blake@spambob.com,Partner
330,070 6832 0098,no,60 Springfield drive,Ilford,London,IG2 6QR,,1226,Valter Andersson,valter@mailinator.com,Parent
331,079 0086 3722,no,16 Woodhill Crescent,Harrow,London,HA3 0LU,,1226,Bethany Hughes,Bethany.Hughes@dodgeit.com,Parent
332,070 1252 3326,no,46 Albany Road,New Malden,London,KT3 3NY,,1226,Oscar Nelson,Oscar.B.Nelson@pookmail.com,Other
333,070 5240 0778,yes,40 Canning Road,Croydon,London,CR0 6QE,,1226,Finlay Fry,Finlay.Fry@spambob.com,Spouse
334,079 4213 3834,no,4 Bynon Avenue,Bexleyheath,London,DA7 4DP,,1226,Alexander Carter,Alexander.I.Carter@dodgeit.com,Other
335,070 6548 9179,no,44 Grange Avenue,,London,N12 8DL,,1226,Rachel Noble,Rachel.C.Noble@dodgeit.com,Other
336,070 4506 5629,no,22 Link Lane,Wallington,London,SM6 9EA,,1226,Luca Blackman,Luca.Blackman@dodgeit.com,Parent
337,079 2712 9862,no,29 Crescent Road,Sidcup,London,DA15 7HN,,1226,Samuel Herbert,Samuel.V.Herbert@dodgeit.com,Partner
338,078 0122 2756,no,69 Sandhurst Road,,London,SE6 1UP,,1226,Freddie Fox,Freddie.S.Fox@spambob.com,Other
339,077 8566 6093,yes,5 Western Lane,,London,SW12 8JS,,1226,Sarah Cross,Sarah.M.Cross@mailinator.com,Spouse
340,077 6568 1955,no,"2, Shirley Oaks Road",Croydon,London,CR0 8YW,,1226,Jade Ludlam,Jade.ludlam@trashymail.com,Grandparent
341,079 1824 1753,no,26 Enmore Road,,London,SE25 5NQ,,1226,Aleksy Abram,Aleksy.abram@pookmail.com,Parent
342,078 8066 7393,no,9 Highfield Road,Purley,London,CR8 2JJ,,1226,Bradley Wyatt,Bradley.H.Wyatt@pookmail.com,Other